usuario_id,tipo,detalle,fecha,Transacciones,Balance,Tipo_Movimiento,Ano,Mes,Meta de ahorro,Column1
ES9520958464240367704871,ingreso,nomina,01/11/2021,288139,1220932,Ingreso,2021,11,Sin establecer,
ES9520958464240367704871,gastos_recurrentes,alquiler,01/11/2021,-100405,1120527,Gasto,2021,11,Sin establecer,
ES9520958464240367704871,extras,gastos_hijos,01/11/2021,-46858,1073669,Gasto,2021,11,Sin establecer,
ES9520958464240367704871,ocio,cafe,01/11/2021,-227,1073442,Gasto,2021,11,Sin establecer,
ES9520958464240367704871,ocio,gimnasio,01/11/2021,-50,1068442,Gasto,2021,11,Sin establecer,
ES9520958464240367704871,ocio,cafe,02/11/2021,-201,1068241,Gasto,2021,11,Sin establecer,
ES9520958464240367704871,ocio,cafe,03/11/2021,-191,106805,Gasto,2021,11,Sin establecer,
ES9520958464240367704871,ocio,cafe,04/11/2021,-185,1067865,Gasto,2021,11,Sin establecer,
ES9520958464240367704871,gastos_recurrentes,internet,05/11/2021,-51,1062765,Gasto,2021,11,Sin establecer,
ES9520958464240367704871,ocio,comida_fuera,05/11/2021,-268,1060085,Gasto,2021,11,Sin establecer,
ES9520958464240367704871,extras,ropa,05/11/2021,-11183,1048902,Gasto,2021,11,Sin establecer,
ES9520958464240367704871,supermercado,compra_semanal,06/11/2021,-13477,1035425,Gasto,2021,11,Sin establecer,
ES9520958464240367704871,ocio,comida_fuera,06/11/2021,-1627,1033798,Gasto,2021,11,Sin establecer,
ES9520958464240367704871,ocio,cine,06/11/2021,-2277,1031521,Gasto,2021,11,Sin establecer,
ES9520958464240367704871,ocio,actividades_familiares,06/11/2021,-2975,1028546,Gasto,2021,11,Sin establecer,
ES9520958464240367704871,gastos_recurrentes,movil,10/11/2021,-505,1023496,Gasto,2021,11,Sin establecer,
ES9520958464240367704871,transporte,gasolina,10/11/2021,-1173,1011766,Gasto,2021,11,Sin establecer,
ES9520958464240367704871,gastos_recurrentes,luz,15/11/2021,-9007,1002759,Gasto,2021,11,Sin establecer,
ES9520958464240367704871,extras,ropa,20/11/2021,-14937,987822,Gasto,2021,11,Sin establecer,
ES9520958464240367704871,ingreso,nomina,01/12/2021,288139,1275961,Ingreso,2021,12,Sin establecer,
ES9520958464240367704871,ingreso,paga_extra,01/12/2021,288139,15641,Ingreso,2021,12,Sin establecer,
ES9520958464240367704871,gastos_recurrentes,alquiler,01/12/2021,-100405,1463695,Gasto,2021,12,Sin establecer,
ES9520958464240367704871,extras,gastos_hijos,01/12/2021,-43122,1420573,Gasto,2021,12,Sin establecer,
ES9520958464240367704871,transporte,gasolina,01/12/2021,-8063,141251,Gasto,2021,12,Sin establecer,
ES9520958464240367704871,ocio,cafe,01/12/2021,-17,141234,Gasto,2021,12,Sin establecer,
ES9520958464240367704871,ocio,cafe,02/12/2021,-164,1412176,Gasto,2021,12,Sin establecer,
ES9520958464240367704871,ocio,cafe,03/12/2021,-174,1412002,Gasto,2021,12,Sin establecer,
ES9520958464240367704871,ocio,cafe,04/12/2021,-206,1411796,Gasto,2021,12,Sin establecer,
ES9520958464240367704871,gastos_recurrentes,internet,05/12/2021,-51,1406696,Gasto,2021,12,Sin establecer,
ES9520958464240367704871,ocio,comida_fuera,05/12/2021,-169,1405006,Gasto,2021,12,Sin establecer,
ES9520958464240367704871,extras,ropa,05/12/2021,-7462,1397544,Gasto,2021,12,Sin establecer,
ES9520958464240367704871,extras,actividades_extraescolares,05/12/2021,-9929,1387615,Gasto,2021,12,Sin establecer,
ES9520958464240367704871,supermercado,compra_semanal,06/12/2021,-14504,1373111,Gasto,2021,12,Sin establecer,
ES9520958464240367704871,ocio,comida_fuera,06/12/2021,-2883,1370228,Gasto,2021,12,Sin establecer,
ES9520958464240367704871,ocio,actividades_familiares,07/12/2021,-3514,1366714,Gasto,2021,12,Sin establecer,
ES9520958464240367704871,gastos_recurrentes,movil,10/12/2021,-505,1361664,Gasto,2021,12,Sin establecer,
ES9520958464240367704871,gastos_recurrentes,luz,15/12/2021,-9053,1352611,Gasto,2021,12,Sin establecer,
ES9520958464240367704871,transporte,gasolina,20/12/2021,-8451,134416,Gasto,2021,12,Sin establecer,
ES9520958464240367704871,extras,ropa,20/12/2021,-5089,1339071,Gasto,2021,12,Sin establecer,
ES9520958464240367704871,ingreso,nomina,01/01/2022,288139,162721,Ingreso,2022,1,Sin establecer,
ES9520958464240367704871,gastos_recurrentes,alquiler,01/01/2022,-100405,1526805,Gasto,2022,1,Sin establecer,
ES9520958464240367704871,transporte,transporte_publico,01/01/2022,-60,1520805,Gasto,2022,1,Sin establecer,
ES9520958464240367704871,extras,gastos_hijos,01/01/2022,-54029,1466776,Gasto,2022,1,Sin establecer,
ES9520958464240367704871,transporte,gasolina,01/01/2022,-9968,1456808,Gasto,2022,1,Sin establecer,
ES9520958464240367704871,gastos_recurrentes,seguro_casa,01/01/2022,-20738,143607,Gasto,2022,1,Sin establecer,
ES9520958464240367704871,ocio,cafe,01/01/2022,-176,1435894,Gasto,2022,1,Sin establecer,
ES9520958464240367704871,ocio,cafe,02/01/2022,-192,1435702,Gasto,2022,1,Sin establecer,
ES9520958464240367704871,ocio,cafe,03/01/2022,-196,1435506,Gasto,2022,1,Sin establecer,
ES9520958464240367704871,ocio,cafe,04/01/2022,-175,1435331,Gasto,2022,1,Sin establecer,
ES9520958464240367704871,gastos_recurrentes,internet,05/01/2022,-51,1430231,Gasto,2022,1,Sin establecer,
ES9520958464240367704871,extras,ropa,05/01/2022,-687,1423361,Gasto,2022,1,Sin establecer,
ES9520958464240367704871,supermercado,compra_semanal,06/01/2022,-12623,1410738,Gasto,2022,1,Sin establecer,
ES9520958464240367704871,ocio,comida_fuera,06/01/2022,-1953,1408785,Gasto,2022,1,Sin establecer,
ES9520958464240367704871,gastos_recurrentes,movil,10/01/2022,-505,1403735,Gasto,2022,1,Sin establecer,
ES9520958464240367704871,transporte,gasolina,10/01/2022,-8472,1395263,Gasto,2022,1,Sin establecer,
ES9520958464240367704871,gastos_recurrentes,luz,15/01/2022,-10435,1384828,Gasto,2022,1,Sin establecer,
ES9520958464240367704871,transporte,gasolina,20/01/2022,-7553,1377275,Gasto,2022,1,Sin establecer,
ES9520958464240367704871,extras,ropa,20/01/2022,-9983,1367292,Gasto,2022,1,Sin establecer,
ES9520958464240367704871,ingreso,nomina,01/02/2022,288139,1655431,Ingreso,2022,2,Sin establecer,
ES9520958464240367704871,gastos_recurrentes,alquiler,01/02/2022,-100405,1555026,Gasto,2022,2,Sin establecer,
ES9520958464240367704871,transporte,transporte_publico,01/02/2022,-60,1549026,Gasto,2022,2,Sin establecer,
ES9520958464240367704871,extras,gastos_hijos,01/02/2022,-23018,1526008,Gasto,2022,2,Sin establecer,
ES9520958464240367704871,transporte,gasolina,01/02/2022,-9342,1516666,Gasto,2022,2,Sin establecer,
ES9520958464240367704871,ocio,cafe,02/02/2022,-202,1516464,Gasto,2022,2,Sin establecer,
ES9520958464240367704871,ocio,cafe,03/02/2022,-178,1516286,Gasto,2022,2,Sin establecer,
ES9520958464240367704871,ocio,cafe,04/02/2022,-221,1516065,Gasto,2022,2,Sin establecer,
ES9520958464240367704871,gastos_recurrentes,internet,05/02/2022,-51,1510965,Gasto,2022,2,Sin establecer,
ES9520958464240367704871,ocio,comida_fuera,05/02/2022,-2724,1508241,Gasto,2022,2,Sin establecer,
ES9520958464240367704871,extras,ropa,05/02/2022,-10263,1497978,Gasto,2022,2,Sin establecer,
ES9520958464240367704871,supermercado,compra_semanal,06/02/2022,-14821,1483157,Gasto,2022,2,Sin establecer,
ES9520958464240367704871,ocio,cine,06/02/2022,-2377,148078,Gasto,2022,2,Sin establecer,
ES9520958464240367704871,ocio,actividades_familiares,06/02/2022,-4042,1476738,Gasto,2022,2,Sin establecer,
ES9520958464240367704871,gastos_recurrentes,movil,10/02/2022,-505,1471688,Gasto,2022,2,Sin establecer,
ES9520958464240367704871,transporte,gasolina,10/02/2022,-9303,1462385,Gasto,2022,2,Sin establecer,
ES9520958464240367704871,gastos_recurrentes,luz,15/02/2022,-7842,1454543,Gasto,2022,2,Sin establecer,
ES9520958464240367704871,transporte,gasolina,20/02/2022,-1196,1442583,Gasto,2022,2,Sin establecer,
ES9520958464240367704871,ingreso,nomina,01/03/2022,288139,1730722,Ingreso,2022,3,Sin establecer,
ES9520958464240367704871,gastos_recurrentes,alquiler,01/03/2022,-100405,1630317,Gasto,2022,3,Sin establecer,
ES9520958464240367704871,extras,gastos_hijos,01/03/2022,-52819,1577498,Gasto,2022,3,Sin establecer,
ES9520958464240367704871,ocio,cafe,02/03/2022,-163,1577335,Gasto,2022,3,Sin establecer,
ES9520958464240367704871,ocio,cafe,03/03/2022,-21,1577125,Gasto,2022,3,Sin establecer,
ES9520958464240367704871,gastos_recurrentes,internet,05/03/2022,-51,1572025,Gasto,2022,3,Sin establecer,
ES9520958464240367704871,extras,actividades_extraescolares,05/03/2022,-7625,15644,Gasto,2022,3,Sin establecer,
ES9520958464240367704871,supermercado,compra_semanal,06/03/2022,-14453,1549947,Gasto,2022,3,Sin establecer,
ES9520958464240367704871,ocio,comida_fuera,06/03/2022,-2178,1547769,Gasto,2022,3,Sin establecer,
ES9520958464240367704871,ocio,actividades_familiares,06/03/2022,-3554,1544215,Gasto,2022,3,Sin establecer,
ES9520958464240367704871,ocio,actividades_familiares,07/03/2022,-3202,1541013,Gasto,2022,3,Sin establecer,
ES9520958464240367704871,gastos_recurrentes,movil,10/03/2022,-505,1535963,Gasto,2022,3,Sin establecer,
ES9520958464240367704871,transporte,gasolina,10/03/2022,-8496,1527467,Gasto,2022,3,Sin establecer,
ES9520958464240367704871,gastos_recurrentes,luz,15/03/2022,-6143,1521324,Gasto,2022,3,Sin establecer,
ES9520958464240367704871,extras,ropa,20/03/2022,-12252,1509072,Gasto,2022,3,Sin establecer,
ES9520958464240367704871,ingreso,nomina,01/04/2022,288139,1797211,Ingreso,2022,4,Sin establecer,
ES9520958464240367704871,gastos_recurrentes,alquiler,01/04/2022,-100405,1696806,Gasto,2022,4,Sin establecer,
ES9520958464240367704871,transporte,transporte_publico,01/04/2022,-60,1690806,Gasto,2022,4,Sin establecer,
ES9520958464240367704871,extras,gastos_hijos,01/04/2022,-24372,1666434,Gasto,2022,4,Sin establecer,
ES9520958464240367704871,transporte,gasolina,01/04/2022,-10198,1656236,Gasto,2022,4,Sin establecer,
ES9520958464240367704871,ocio,cafe,01/04/2022,-23,1656006,Gasto,2022,4,Sin establecer,
ES9520958464240367704871,ocio,cafe,04/04/2022,-213,1655793,Gasto,2022,4,Sin establecer,
ES9520958464240367704871,gastos_recurrentes,internet,05/04/2022,-51,1650693,Gasto,2022,4,Sin establecer,
ES9520958464240367704871,extras,actividades_extraescolares,05/04/2022,-11967,1638726,Gasto,2022,4,Sin establecer,
ES9520958464240367704871,supermercado,compra_semanal,06/04/2022,-9515,1629211,Gasto,2022,4,Sin establecer,
ES9520958464240367704871,ocio,comida_fuera,06/04/2022,-2327,1626884,Gasto,2022,4,Sin establecer,
ES9520958464240367704871,ocio,cine,06/04/2022,-2187,1624697,Gasto,2022,4,Sin establecer,
ES9520958464240367704871,ocio,actividades_familiares,06/04/2022,-3632,1621065,Gasto,2022,4,Sin establecer,
ES9520958464240367704871,ocio,actividades_familiares,07/04/2022,-4409,1616656,Gasto,2022,4,Sin establecer,
ES9520958464240367704871,gastos_recurrentes,movil,10/04/2022,-505,1611606,Gasto,2022,4,Sin establecer,
ES9520958464240367704871,gastos_recurrentes,luz,15/04/2022,-10027,1601579,Gasto,2022,4,Sin establecer,
ES9520958464240367704871,extras,ropa,20/04/2022,-8292,1593287,Gasto,2022,4,Sin establecer,
ES9520958464240367704871,ingreso,nomina,01/05/2022,288139,1881426,Ingreso,2022,5,Sin establecer,
ES9520958464240367704871,gastos_recurrentes,alquiler,01/05/2022,-100405,1781021,Gasto,2022,5,Sin establecer,
ES9520958464240367704871,transporte,transporte_publico,01/05/2022,-60,1775021,Gasto,2022,5,Sin establecer,
ES9520958464240367704871,extras,gastos_hijos,01/05/2022,-36115,1738906,Gasto,2022,5,Sin establecer,
ES9520958464240367704871,transporte,gasolina,01/05/2022,-875,1730156,Gasto,2022,5,Sin establecer,
ES9520958464240367704871,ocio,cafe,01/05/2022,-231,1729925,Gasto,2022,5,Sin establecer,
ES9520958464240367704871,ocio,gimnasio,01/05/2022,-50,1724925,Gasto,2022,5,Sin establecer,
ES9520958464240367704871,ocio,cafe,02/05/2022,-2,1724725,Gasto,2022,5,Sin establecer,
ES9520958464240367704871,ocio,cafe,03/05/2022,-201,1724524,Gasto,2022,5,Sin establecer,
ES9520958464240367704871,gastos_recurrentes,internet,05/05/2022,-51,1719424,Gasto,2022,5,Sin establecer,
ES9520958464240367704871,gastos_recurrentes,ibi,05/05/2022,-57908,1661516,Gasto,2022,5,Sin establecer,
ES9520958464240367704871,extras,ropa,05/05/2022,-12899,1648617,Gasto,2022,5,Sin establecer,
ES9520958464240367704871,supermercado,compra_semanal,06/05/2022,-12502,1636115,Gasto,2022,5,Sin establecer,
ES9520958464240367704871,ocio,cine,06/05/2022,-1792,1634323,Gasto,2022,5,Sin establecer,
ES9520958464240367704871,ocio,actividades_familiares,06/05/2022,-2833,163149,Gasto,2022,5,Sin establecer,
ES9520958464240367704871,ocio,actividades_familiares,07/05/2022,-3816,1627674,Gasto,2022,5,Sin establecer,
ES9520958464240367704871,gastos_recurrentes,movil,10/05/2022,-505,1622624,Gasto,2022,5,Sin establecer,
ES9520958464240367704871,transporte,gasolina,10/05/2022,-972,1612904,Gasto,2022,5,Sin establecer,
ES9520958464240367704871,gastos_recurrentes,luz,15/05/2022,-9578,1603326,Gasto,2022,5,Sin establecer,
ES9520958464240367704871,transporte,gasolina,20/05/2022,-708,1596246,Gasto,2022,5,Sin establecer,
ES9520958464240367704871,extras,ropa,20/05/2022,-11053,1585193,Gasto,2022,5,Sin establecer,
ES9520958464240367704871,ingreso,nomina,01/06/2022,288139,1873332,Ingreso,2022,6,Sin establecer,
ES9520958464240367704871,ingreso,paga_extra,01/06/2022,288139,2161471,Ingreso,2022,6,Sin establecer,
ES9520958464240367704871,gastos_recurrentes,alquiler,01/06/2022,-100405,2061066,Gasto,2022,6,Sin establecer,
ES9520958464240367704871,extras,gastos_hijos,01/06/2022,-32881,2028185,Gasto,2022,6,Sin establecer,
ES9520958464240367704871,transporte,gasolina,01/06/2022,-8637,2019548,Gasto,2022,6,Sin establecer,
ES9520958464240367704871,ocio,cafe,01/06/2022,-189,2019359,Gasto,2022,6,Sin establecer,
ES9520958464240367704871,ocio,cafe,02/06/2022,-234,2019125,Gasto,2022,6,Sin establecer,
ES9520958464240367704871,ocio,cafe,04/06/2022,-209,2018916,Gasto,2022,6,Sin establecer,
ES9520958464240367704871,gastos_recurrentes,internet,05/06/2022,-51,2013816,Gasto,2022,6,Sin establecer,
ES9520958464240367704871,extras,ropa,05/06/2022,-7917,2005899,Gasto,2022,6,Sin establecer,
ES9520958464240367704871,extras,actividades_extraescolares,05/06/2022,-10134,1995765,Gasto,2022,6,Sin establecer,
ES9520958464240367704871,supermercado,compra_semanal,06/06/2022,-11082,1984683,Gasto,2022,6,Sin establecer,
ES9520958464240367704871,ocio,comida_fuera,06/06/2022,-2731,1981952,Gasto,2022,6,Sin establecer,
ES9520958464240367704871,ocio,actividades_familiares,06/06/2022,-2263,1979689,Gasto,2022,6,Sin establecer,
ES9520958464240367704871,ocio,actividades_familiares,07/06/2022,-2101,1977588,Gasto,2022,6,Sin establecer,
ES9520958464240367704871,gastos_recurrentes,movil,10/06/2022,-505,1972538,Gasto,2022,6,Sin establecer,
ES9520958464240367704871,transporte,gasolina,10/06/2022,-843,1964108,Gasto,2022,6,Sin establecer,
ES9520958464240367704871,gastos_recurrentes,luz,15/06/2022,-939,1954718,Gasto,2022,6,Sin establecer,
ES9520958464240367704871,transporte,gasolina,20/06/2022,-6778,194794,Gasto,2022,6,Sin establecer,
ES9520958464240367704871,extras,ropa,20/06/2022,-5613,1942327,Gasto,2022,6,Sin establecer,
ES9520958464240367704871,ingreso,nomina,01/07/2022,288139,2230466,Ingreso,2022,7,Sin establecer,
ES9520958464240367704871,gastos_recurrentes,alquiler,01/07/2022,-100405,2130061,Gasto,2022,7,Sin establecer,
ES9520958464240367704871,transporte,transporte_publico,01/07/2022,-60,2124061,Gasto,2022,7,Sin establecer,
ES9520958464240367704871,extras,gastos_hijos,01/07/2022,-2003,2104031,Gasto,2022,7,Sin establecer,
ES9520958464240367704871,ocio,cafe,01/07/2022,-222,2103809,Gasto,2022,7,Sin establecer,
ES9520958464240367704871,ocio,gimnasio,01/07/2022,-50,2098809,Gasto,2022,7,Sin establecer,
ES9520958464240367704871,ocio,cafe,02/07/2022,-198,2098611,Gasto,2022,7,Sin establecer,
ES9520958464240367704871,ocio,cafe,03/07/2022,-161,209845,Gasto,2022,7,Sin establecer,
ES9520958464240367704871,ocio,cafe,04/07/2022,-233,2098217,Gasto,2022,7,Sin establecer,
ES9520958464240367704871,gastos_recurrentes,internet,05/07/2022,-51,2093117,Gasto,2022,7,Sin establecer,
ES9520958464240367704871,extras,ropa,05/07/2022,-12548,2080569,Gasto,2022,7,Sin establecer,
ES9520958464240367704871,extras,actividades_extraescolares,05/07/2022,-14778,2065791,Gasto,2022,7,Sin establecer,
ES9520958464240367704871,supermercado,compra_semanal,06/07/2022,-14407,2051384,Gasto,2022,7,Sin establecer,
ES9520958464240367704871,ocio,comida_fuera,06/07/2022,-2329,2049055,Gasto,2022,7,Sin establecer,
ES9520958464240367704871,ocio,actividades_familiares,06/07/2022,-2787,2046268,Gasto,2022,7,Sin establecer,
ES9520958464240367704871,ocio,actividades_familiares,07/07/2022,-2505,2043763,Gasto,2022,7,Sin establecer,
ES9520958464240367704871,gastos_recurrentes,movil,10/07/2022,-505,2038713,Gasto,2022,7,Sin establecer,
ES9520958464240367704871,transporte,gasolina,10/07/2022,-7456,2031257,Gasto,2022,7,Sin establecer,
ES9520958464240367704871,gastos_recurrentes,luz,15/07/2022,-8136,2023121,Gasto,2022,7,Sin establecer,
ES9520958464240367704871,vacaciones,vacaciones_verano,15/07/2022,-43221,19799,Gasto,2022,7,Sin establecer,
ES9520958464240367704871,transporte,gasolina,20/07/2022,-8108,1971792,Gasto,2022,7,Sin establecer,
ES9520958464240367704871,extras,ropa,20/07/2022,-7148,1964644,Gasto,2022,7,Sin establecer,
ES9520958464240367704871,ingreso,nomina,01/08/2022,288139,2252783,Ingreso,2022,8,Sin establecer,
ES9520958464240367704871,gastos_recurrentes,alquiler,01/08/2022,-100405,2152378,Gasto,2022,8,Sin establecer,
ES9520958464240367704871,transporte,transporte_publico,01/08/2022,-60,2146378,Gasto,2022,8,Sin establecer,
ES9520958464240367704871,extras,gastos_hijos,01/08/2022,-27544,2118834,Gasto,2022,8,Sin establecer,
ES9520958464240367704871,transporte,gasolina,01/08/2022,-8152,2110682,Gasto,2022,8,Sin establecer,
ES9520958464240367704871,ocio,cafe,04/08/2022,-233,2110449,Gasto,2022,8,Sin establecer,
ES9520958464240367704871,gastos_recurrentes,internet,05/08/2022,-51,2105349,Gasto,2022,8,Sin establecer,
ES9520958464240367704871,extras,ropa,05/08/2022,-11331,2094018,Gasto,2022,8,Sin establecer,
ES9520958464240367704871,extras,actividades_extraescolares,05/08/2022,-6573,2087445,Gasto,2022,8,Sin establecer,
ES9520958464240367704871,supermercado,compra_semanal,06/08/2022,-9457,2077988,Gasto,2022,8,Sin establecer,
ES9520958464240367704871,ocio,comida_fuera,06/08/2022,-1974,2076014,Gasto,2022,8,Sin establecer,
ES9520958464240367704871,ocio,actividades_familiares,06/08/2022,-2489,2073525,Gasto,2022,8,Sin establecer,
ES9520958464240367704871,ocio,actividades_familiares,07/08/2022,-372,2069805,Gasto,2022,8,Sin establecer,
ES9520958464240367704871,gastos_recurrentes,movil,10/08/2022,-505,2064755,Gasto,2022,8,Sin establecer,
ES9520958464240367704871,transporte,gasolina,10/08/2022,-767,2057085,Gasto,2022,8,Sin establecer,
ES9520958464240367704871,gastos_recurrentes,luz,15/08/2022,-7001,2050084,Gasto,2022,8,Sin establecer,
ES9520958464240367704871,transporte,gasolina,20/08/2022,-11609,2038475,Gasto,2022,8,Sin establecer,
ES9520958464240367704871,extras,ropa,20/08/2022,-11844,2026631,Gasto,2022,8,Sin establecer,
ES9520958464240367704871,ingreso,nomina,01/09/2022,288139,231477,Ingreso,2022,9,Sin establecer,
ES9520958464240367704871,gastos_recurrentes,alquiler,01/09/2022,-100405,2214365,Gasto,2022,9,Sin establecer,
ES9520958464240367704871,transporte,transporte_publico,01/09/2022,-60,2208365,Gasto,2022,9,Sin establecer,
ES9520958464240367704871,extras,gastos_hijos,01/09/2022,-24969,2183396,Gasto,2022,9,Sin establecer,
ES9520958464240367704871,transporte,gasolina,01/09/2022,-9619,2173777,Gasto,2022,9,Sin establecer,
ES9520958464240367704871,ocio,cafe,01/09/2022,-191,2173586,Gasto,2022,9,Sin establecer,
ES9520958464240367704871,ocio,gimnasio,01/09/2022,-50,2168586,Gasto,2022,9,Sin establecer,
ES9520958464240367704871,ocio,cafe,02/09/2022,-223,2168363,Gasto,2022,9,Sin establecer,
ES9520958464240367704871,ocio,cafe,03/09/2022,-226,2168137,Gasto,2022,9,Sin establecer,
ES9520958464240367704871,gastos_recurrentes,internet,05/09/2022,-51,2163037,Gasto,2022,9,Sin establecer,
ES9520958464240367704871,ocio,comida_fuera,05/09/2022,-2649,2160388,Gasto,2022,9,Sin establecer,
ES9520958464240367704871,extras,ropa,05/09/2022,-9265,2151123,Gasto,2022,9,Sin establecer,
ES9520958464240367704871,extras,actividades_extraescolares,05/09/2022,-13432,2137691,Gasto,2022,9,Sin establecer,
ES9520958464240367704871,supermercado,compra_semanal,06/09/2022,-8678,2129013,Gasto,2022,9,Sin establecer,
ES9520958464240367704871,ocio,actividades_familiares,07/09/2022,-2964,2126049,Gasto,2022,9,Sin establecer,
ES9520958464240367704871,gastos_recurrentes,movil,10/09/2022,-505,2120999,Gasto,2022,9,Sin establecer,
ES9520958464240367704871,transporte,gasolina,10/09/2022,-6086,2114913,Gasto,2022,9,Sin establecer,
ES9520958464240367704871,gastos_recurrentes,luz,15/09/2022,-6004,2108909,Gasto,2022,9,Sin establecer,
ES9520958464240367704871,extras,ropa,20/09/2022,-11241,2097668,Gasto,2022,9,Sin establecer,
ES9520958464240367704871,ingreso,nomina,01/10/2022,288139,2385807,Ingreso,2022,10,Sin establecer,
ES9520958464240367704871,gastos_recurrentes,alquiler,01/10/2022,-100405,2285402,Gasto,2022,10,Sin establecer,
ES9520958464240367704871,transporte,transporte_publico,01/10/2022,-60,2279402,Gasto,2022,10,Sin establecer,
ES9520958464240367704871,extras,gastos_hijos,01/10/2022,-42934,2236468,Gasto,2022,10,Sin establecer,
ES9520958464240367704871,transporte,gasolina,01/10/2022,-11726,2224742,Gasto,2022,10,Sin establecer,
ES9520958464240367704871,ocio,gimnasio,01/10/2022,-50,2219742,Gasto,2022,10,Sin establecer,
ES9520958464240367704871,ocio,cafe,02/10/2022,-174,2219568,Gasto,2022,10,Sin establecer,
ES9520958464240367704871,ocio,cafe,03/10/2022,-203,2219365,Gasto,2022,10,Sin establecer,
ES9520958464240367704871,ocio,cafe,04/10/2022,-206,2219159,Gasto,2022,10,Sin establecer,
ES9520958464240367704871,gastos_recurrentes,internet,05/10/2022,-51,2214059,Gasto,2022,10,Sin establecer,
ES9520958464240367704871,ocio,comida_fuera,05/10/2022,-1636,2212423,Gasto,2022,10,Sin establecer,
ES9520958464240367704871,extras,ropa,05/10/2022,-13189,2199234,Gasto,2022,10,Sin establecer,
ES9520958464240367704871,extras,actividades_extraescolares,05/10/2022,-7523,2191711,Gasto,2022,10,Sin establecer,
ES9520958464240367704871,supermercado,compra_semanal,06/10/2022,-14494,2177217,Gasto,2022,10,Sin establecer,
ES9520958464240367704871,ocio,comida_fuera,06/10/2022,-1957,217526,Gasto,2022,10,Sin establecer,
ES9520958464240367704871,ocio,cine,06/10/2022,-1928,2173332,Gasto,2022,10,Sin establecer,
ES9520958464240367704871,ocio,actividades_familiares,06/10/2022,-3604,2169728,Gasto,2022,10,Sin establecer,
ES9520958464240367704871,ocio,actividades_familiares,07/10/2022,-3906,2165822,Gasto,2022,10,Sin establecer,
ES9520958464240367704871,gastos_recurrentes,movil,10/10/2022,-505,2160772,Gasto,2022,10,Sin establecer,
ES9520958464240367704871,transporte,gasolina,10/10/2022,-7007,2153765,Gasto,2022,10,Sin establecer,
ES9520958464240367704871,gastos_recurrentes,luz,15/10/2022,-9101,2144664,Gasto,2022,10,Sin establecer,
ES9520958464240367704871,extras,ropa,20/10/2022,-10917,2133747,Gasto,2022,10,Sin establecer,
ES9520958464240367704871,ingreso,nomina,01/11/2022,288139,2421886,Ingreso,2022,11,Sin establecer,
ES9520958464240367704871,gastos_recurrentes,alquiler,01/11/2022,-100405,2321481,Gasto,2022,11,Sin establecer,
ES9520958464240367704871,transporte,transporte_publico,01/11/2022,-60,2315481,Gasto,2022,11,Sin establecer,
ES9520958464240367704871,extras,gastos_hijos,01/11/2022,-2001,2295471,Gasto,2022,11,Sin establecer,
ES9520958464240367704871,transporte,gasolina,01/11/2022,-10816,2284655,Gasto,2022,11,Sin establecer,
ES9520958464240367704871,ocio,cafe,02/11/2022,-19,2284465,Gasto,2022,11,Sin establecer,
ES9520958464240367704871,ocio,cafe,03/11/2022,-223,2284242,Gasto,2022,11,Sin establecer,
ES9520958464240367704871,ocio,cafe,04/11/2022,-185,2284057,Gasto,2022,11,Sin establecer,
ES9520958464240367704871,gastos_recurrentes,internet,05/11/2022,-51,2278957,Gasto,2022,11,Sin establecer,
ES9520958464240367704871,ocio,comida_fuera,05/11/2022,-1956,2277001,Gasto,2022,11,Sin establecer,
ES9520958464240367704871,extras,ropa,05/11/2022,-10098,2266903,Gasto,2022,11,Sin establecer,
ES9520958464240367704871,extras,actividades_extraescolares,05/11/2022,-8479,2258424,Gasto,2022,11,Sin establecer,
ES9520958464240367704871,supermercado,compra_semanal,06/11/2022,-9842,2248582,Gasto,2022,11,Sin establecer,
ES9520958464240367704871,ocio,cine,06/11/2022,-1804,2246778,Gasto,2022,11,Sin establecer,
ES9520958464240367704871,ocio,actividades_familiares,06/11/2022,-3464,2243314,Gasto,2022,11,Sin establecer,
ES9520958464240367704871,gastos_recurrentes,movil,10/11/2022,-505,2238264,Gasto,2022,11,Sin establecer,
ES9520958464240367704871,gastos_recurrentes,luz,15/11/2022,-7279,2230985,Gasto,2022,11,Sin establecer,
ES9520958464240367704871,transporte,gasolina,20/11/2022,-9636,2221349,Gasto,2022,11,Sin establecer,
ES9520958464240367704871,ingreso,nomina,01/12/2022,288139,2509488,Ingreso,2022,12,Sin establecer,
ES9520958464240367704871,ingreso,paga_extra,01/12/2022,288139,2797627,Ingreso,2022,12,Sin establecer,
ES9520958464240367704871,gastos_recurrentes,alquiler,01/12/2022,-100405,2697222,Gasto,2022,12,Sin establecer,
ES9520958464240367704871,transporte,transporte_publico,01/12/2022,-60,2691222,Gasto,2022,12,Sin establecer,
ES9520958464240367704871,extras,gastos_hijos,01/12/2022,-34845,2656377,Gasto,2022,12,Sin establecer,
ES9520958464240367704871,transporte,gasolina,01/12/2022,-9481,2646896,Gasto,2022,12,Sin establecer,
ES9520958464240367704871,ocio,cafe,01/12/2022,-225,2646671,Gasto,2022,12,Sin establecer,
ES9520958464240367704871,ocio,cafe,02/12/2022,-204,2646467,Gasto,2022,12,Sin establecer,
ES9520958464240367704871,ocio,cafe,03/12/2022,-223,2646244,Gasto,2022,12,Sin establecer,
ES9520958464240367704871,ocio,cafe,04/12/2022,-207,2646037,Gasto,2022,12,Sin establecer,
ES9520958464240367704871,gastos_recurrentes,internet,05/12/2022,-51,2640937,Gasto,2022,12,Sin establecer,
ES9520958464240367704871,extras,actividades_extraescolares,05/12/2022,-10371,2630566,Gasto,2022,12,Sin establecer,
ES9520958464240367704871,supermercado,compra_semanal,06/12/2022,-14585,2615981,Gasto,2022,12,Sin establecer,
ES9520958464240367704871,ocio,actividades_familiares,06/12/2022,-328,2612701,Gasto,2022,12,Sin establecer,
ES9520958464240367704871,gastos_recurrentes,movil,10/12/2022,-505,2607651,Gasto,2022,12,Sin establecer,
ES9520958464240367704871,transporte,gasolina,10/12/2022,-11082,2596569,Gasto,2022,12,Sin establecer,
ES9520958464240367704871,gastos_recurrentes,luz,15/12/2022,-6205,2590364,Gasto,2022,12,Sin establecer,
ES9520958464240367704871,extras,ropa,20/12/2022,-10155,2580209,Gasto,2022,12,Sin establecer,
ES9520958464240367704871,ingreso,nomina,01/01/2023,288139,2868348,Ingreso,2023,1,60000,
ES9520958464240367704871,gastos_recurrentes,alquiler,01/01/2023,-100405,2767943,Gasto,2023,1,60000,
ES9520958464240367704871,transporte,transporte_publico,01/01/2023,-60,2761943,Gasto,2023,1,60000,
ES9520958464240367704871,extras,gastos_hijos,01/01/2023,-24394,2737549,Gasto,2023,1,60000,
ES9520958464240367704871,transporte,gasolina,01/01/2023,-7682,2729867,Gasto,2023,1,60000,
ES9520958464240367704871,gastos_recurrentes,seguro_casa,01/01/2023,-28471,2701396,Gasto,2023,1,60000,
ES9520958464240367704871,ocio,cafe,01/01/2023,-169,2701227,Gasto,2023,1,60000,
ES9520958464240367704871,ocio,gimnasio,01/01/2023,-50,2696227,Gasto,2023,1,60000,
ES9520958464240367704871,ocio,cafe,02/01/2023,-216,2696011,Gasto,2023,1,60000,
ES9520958464240367704871,ocio,cafe,03/01/2023,-167,2695844,Gasto,2023,1,60000,
ES9520958464240367704871,gastos_recurrentes,internet,05/01/2023,-51,2690744,Gasto,2023,1,60000,
ES9520958464240367704871,ocio,comida_fuera,05/01/2023,-2284,268846,Gasto,2023,1,60000,
ES9520958464240367704871,extras,ropa,05/01/2023,-14316,2674144,Gasto,2023,1,60000,
ES9520958464240367704871,supermercado,compra_semanal,06/01/2023,-13351,2660793,Gasto,2023,1,60000,
ES9520958464240367704871,gastos_recurrentes,movil,10/01/2023,-505,2655743,Gasto,2023,1,60000,
ES9520958464240367704871,transporte,gasolina,10/01/2023,-107,2645043,Gasto,2023,1,60000,
ES9520958464240367704871,gastos_recurrentes,luz,15/01/2023,-8365,2636678,Gasto,2023,1,60000,
ES9520958464240367704871,transporte,gasolina,20/01/2023,-8311,2628367,Gasto,2023,1,60000,
ES9520958464240367704871,extras,ropa,20/01/2023,-13271,2615096,Gasto,2023,1,60000,
ES9520958464240367704871,ingreso,nomina,01/02/2023,288139,2903235,Ingreso,2023,2,60000,
ES9520958464240367704871,gastos_recurrentes,alquiler,01/02/2023,-100405,280283,Gasto,2023,2,60000,
ES9520958464240367704871,extras,gastos_hijos,01/02/2023,-22265,2780565,Gasto,2023,2,60000,
ES9520958464240367704871,transporte,gasolina,01/02/2023,-11957,2768608,Gasto,2023,2,60000,
ES9520958464240367704871,ocio,cafe,01/02/2023,-179,2768429,Gasto,2023,2,60000,
ES9520958464240367704871,ocio,gimnasio,01/02/2023,-50,2763429,Gasto,2023,2,60000,
ES9520958464240367704871,ocio,cafe,02/02/2023,-199,276323,Gasto,2023,2,60000,
ES9520958464240367704871,ocio,cafe,03/02/2023,-16,276307,Gasto,2023,2,60000,
ES9520958464240367704871,ocio,cafe,04/02/2023,-237,2762833,Gasto,2023,2,60000,
ES9520958464240367704871,gastos_recurrentes,internet,05/02/2023,-51,2757733,Gasto,2023,2,60000,
ES9520958464240367704871,ocio,comida_fuera,05/02/2023,-2822,2754911,Gasto,2023,2,60000,
ES9520958464240367704871,extras,ropa,05/02/2023,-7943,2746968,Gasto,2023,2,60000,
ES9520958464240367704871,extras,actividades_extraescolares,05/02/2023,-9462,2737506,Gasto,2023,2,60000,
ES9520958464240367704871,supermercado,compra_semanal,06/02/2023,-10581,2726925,Gasto,2023,2,60000,
ES9520958464240367704871,ocio,comida_fuera,06/02/2023,-2809,2724116,Gasto,2023,2,60000,
ES9520958464240367704871,ocio,cine,06/02/2023,-223,2721886,Gasto,2023,2,60000,
ES9520958464240367704871,ocio,actividades_familiares,06/02/2023,-2147,2719739,Gasto,2023,2,60000,
ES9520958464240367704871,ocio,actividades_familiares,07/02/2023,-3767,2715972,Gasto,2023,2,60000,
ES9520958464240367704871,gastos_recurrentes,movil,10/02/2023,-505,2710922,Gasto,2023,2,60000,
ES9520958464240367704871,gastos_recurrentes,luz,15/02/2023,-9442,270148,Gasto,2023,2,60000,
ES9520958464240367704871,transporte,gasolina,20/02/2023,-11009,2690471,Gasto,2023,2,60000,
ES9520958464240367704871,extras,ropa,20/02/2023,-11661,267881,Gasto,2023,2,60000,
ES9520958464240367704871,ingreso,nomina,01/03/2023,288139,2966949,Ingreso,2023,3,60000,
ES9520958464240367704871,gastos_recurrentes,alquiler,01/03/2023,-100405,2866544,Gasto,2023,3,60000,
ES9520958464240367704871,transporte,transporte_publico,01/03/2023,-60,2860544,Gasto,2023,3,60000,
ES9520958464240367704871,extras,gastos_hijos,01/03/2023,-26902,2833642,Gasto,2023,3,60000,
ES9520958464240367704871,transporte,gasolina,01/03/2023,-7159,2826483,Gasto,2023,3,60000,
ES9520958464240367704871,ocio,cafe,02/03/2023,-164,2826319,Gasto,2023,3,60000,
ES9520958464240367704871,ocio,cafe,04/03/2023,-231,2826088,Gasto,2023,3,60000,
ES9520958464240367704871,gastos_recurrentes,internet,05/03/2023,-51,2820988,Gasto,2023,3,60000,
ES9520958464240367704871,ocio,comida_fuera,05/03/2023,-2221,2818767,Gasto,2023,3,60000,
ES9520958464240367704871,extras,ropa,05/03/2023,-10255,2808512,Gasto,2023,3,60000,
ES9520958464240367704871,supermercado,compra_semanal,06/03/2023,-11392,279712,Gasto,2023,3,60000,
ES9520958464240367704871,gastos_recurrentes,movil,10/03/2023,-505,279207,Gasto,2023,3,60000,
ES9520958464240367704871,transporte,gasolina,10/03/2023,-11931,2780139,Gasto,2023,3,60000,
ES9520958464240367704871,gastos_recurrentes,luz,15/03/2023,-1024,2769899,Gasto,2023,3,60000,
ES9520958464240367704871,transporte,gasolina,20/03/2023,-1047,2759429,Gasto,2023,3,60000,
ES9520958464240367704871,extras,ropa,20/03/2023,-9276,2750153,Gasto,2023,3,60000,
ES9520958464240367704871,ingreso,nomina,01/04/2023,288139,3038292,Ingreso,2023,4,60000,
ES9520958464240367704871,gastos_recurrentes,alquiler,01/04/2023,-100405,2937887,Gasto,2023,4,60000,
ES9520958464240367704871,transporte,transporte_publico,01/04/2023,-60,2931887,Gasto,2023,4,60000,
ES9520958464240367704871,extras,gastos_hijos,01/04/2023,-52602,2879285,Gasto,2023,4,60000,
ES9520958464240367704871,transporte,gasolina,01/04/2023,-10398,2868887,Gasto,2023,4,60000,
ES9520958464240367704871,ocio,cafe,01/04/2023,-174,2868713,Gasto,2023,4,60000,
ES9520958464240367704871,ocio,gimnasio,01/04/2023,-50,2863713,Gasto,2023,4,60000,
ES9520958464240367704871,ocio,cafe,02/04/2023,-189,2863524,Gasto,2023,4,60000,
ES9520958464240367704871,ocio,cafe,03/04/2023,-238,2863286,Gasto,2023,4,60000,
ES9520958464240367704871,ocio,cafe,04/04/2023,-163,2863123,Gasto,2023,4,60000,
ES9520958464240367704871,gastos_recurrentes,internet,05/04/2023,-51,2858023,Gasto,2023,4,60000,
ES9520958464240367704871,ocio,comida_fuera,05/04/2023,-2104,2855919,Gasto,2023,4,60000,
ES9520958464240367704871,extras,actividades_extraescolares,05/04/2023,-11944,2843975,Gasto,2023,4,60000,
ES9520958464240367704871,supermercado,compra_semanal,06/04/2023,-12186,2831789,Gasto,2023,4,60000,
ES9520958464240367704871,ocio,comida_fuera,06/04/2023,-175,2830039,Gasto,2023,4,60000,
ES9520958464240367704871,ocio,actividades_familiares,06/04/2023,-4894,2825145,Gasto,2023,4,60000,
ES9520958464240367704871,ocio,actividades_familiares,07/04/2023,-4808,2820337,Gasto,2023,4,60000,
ES9520958464240367704871,gastos_recurrentes,movil,10/04/2023,-505,2815287,Gasto,2023,4,60000,
ES9520958464240367704871,transporte,gasolina,10/04/2023,-11722,2803565,Gasto,2023,4,60000,
ES9520958464240367704871,gastos_recurrentes,luz,15/04/2023,-8948,2794617,Gasto,2023,4,60000,
ES9520958464240367704871,transporte,gasolina,20/04/2023,-8381,2786236,Gasto,2023,4,60000,
ES9520958464240367704871,ingreso,nomina,01/05/2023,288139,3074375,Ingreso,2023,5,60000,
ES9520958464240367704871,gastos_recurrentes,alquiler,01/05/2023,-100405,297397,Gasto,2023,5,60000,
ES9520958464240367704871,extras,gastos_hijos,01/05/2023,-27084,2946886,Gasto,2023,5,60000,
ES9520958464240367704871,transporte,gasolina,01/05/2023,-875,2938136,Gasto,2023,5,60000,
ES9520958464240367704871,ocio,cafe,01/05/2023,-18,2937956,Gasto,2023,5,60000,
ES9520958464240367704871,ocio,gimnasio,01/05/2023,-50,2932956,Gasto,2023,5,60000,
ES9520958464240367704871,ocio,cafe,03/05/2023,-233,2932723,Gasto,2023,5,60000,
ES9520958464240367704871,ocio,cafe,04/05/2023,-236,2932487,Gasto,2023,5,60000,
ES9520958464240367704871,gastos_recurrentes,internet,05/05/2023,-51,2927387,Gasto,2023,5,60000,
ES9520958464240367704871,gastos_recurrentes,ibi,05/05/2023,-57908,2869479,Gasto,2023,5,60000,
ES9520958464240367704871,ocio,comida_fuera,05/05/2023,-2159,286732,Gasto,2023,5,60000,
ES9520958464240367704871,extras,ropa,05/05/2023,-7932,2859388,Gasto,2023,5,60000,
ES9520958464240367704871,supermercado,compra_semanal,06/05/2023,-9814,2849574,Gasto,2023,5,60000,
ES9520958464240367704871,ocio,comida_fuera,06/05/2023,-2313,2847261,Gasto,2023,5,60000,
ES9520958464240367704871,ocio,actividades_familiares,07/05/2023,-4528,2842733,Gasto,2023,5,60000,
ES9520958464240367704871,gastos_recurrentes,movil,10/05/2023,-505,2837683,Gasto,2023,5,60000,
ES9520958464240367704871,transporte,gasolina,10/05/2023,-10651,2827032,Gasto,2023,5,60000,
ES9520958464240367704871,gastos_recurrentes,luz,15/05/2023,-9765,2817267,Gasto,2023,5,60000,
ES9520958464240367704871,transporte,gasolina,20/05/2023,-10933,2806334,Gasto,2023,5,60000,
ES9520958464240367704871,extras,ropa,20/05/2023,-6802,2799532,Gasto,2023,5,60000,
ES9520958464240367704871,ingreso,nomina,01/06/2023,288139,3087671,Ingreso,2023,6,60000,
ES9520958464240367704871,ingreso,paga_extra,01/06/2023,288139,337581,Ingreso,2023,6,60000,
ES9520958464240367704871,gastos_recurrentes,alquiler,01/06/2023,-100405,3275405,Gasto,2023,6,60000,
ES9520958464240367704871,transporte,transporte_publico,01/06/2023,-60,3269405,Gasto,2023,6,60000,
ES9520958464240367704871,extras,gastos_hijos,01/06/2023,-56505,32129,Gasto,2023,6,60000,
ES9520958464240367704871,transporte,gasolina,01/06/2023,-9333,3203567,Gasto,2023,6,60000,
ES9520958464240367704871,ocio,cafe,01/06/2023,-231,3203336,Gasto,2023,6,60000,
ES9520958464240367704871,ocio,gimnasio,01/06/2023,-50,3198336,Gasto,2023,6,60000,
ES9520958464240367704871,ocio,cafe,03/06/2023,-224,3198112,Gasto,2023,6,60000,
ES9520958464240367704871,ocio,cafe,04/06/2023,-224,3197888,Gasto,2023,6,60000,
ES9520958464240367704871,gastos_recurrentes,internet,05/06/2023,-51,3192788,Gasto,2023,6,60000,
ES9520958464240367704871,ocio,comida_fuera,05/06/2023,-2607,3190181,Gasto,2023,6,60000,
ES9520958464240367704871,supermercado,compra_semanal,06/06/2023,-12476,3177705,Gasto,2023,6,60000,
ES9520958464240367704871,ocio,actividades_familiares,06/06/2023,-3061,3174644,Gasto,2023,6,60000,
ES9520958464240367704871,ocio,actividades_familiares,07/06/2023,-4744,31699,Gasto,2023,6,60000,
ES9520958464240367704871,gastos_recurrentes,movil,10/06/2023,-505,316485,Gasto,2023,6,60000,
ES9520958464240367704871,transporte,gasolina,10/06/2023,-10372,3154478,Gasto,2023,6,60000,
ES9520958464240367704871,gastos_recurrentes,luz,15/06/2023,-10898,314358,Gasto,2023,6,60000,
ES9520958464240367704871,transporte,gasolina,20/06/2023,-843,313515,Gasto,2023,6,60000,
ES9520958464240367704871,ingreso,nomina,01/07/2023,288139,3423289,Ingreso,2023,7,60000,
ES9520958464240367704871,gastos_recurrentes,alquiler,01/07/2023,-100405,3322884,Gasto,2023,7,60000,
ES9520958464240367704871,transporte,transporte_publico,01/07/2023,-60,3316884,Gasto,2023,7,60000,
ES9520958464240367704871,extras,gastos_hijos,01/07/2023,-37627,3279257,Gasto,2023,7,60000,
ES9520958464240367704871,ocio,cafe,01/07/2023,-233,3279024,Gasto,2023,7,60000,
ES9520958464240367704871,ocio,gimnasio,01/07/2023,-50,3274024,Gasto,2023,7,60000,
ES9520958464240367704871,ocio,cafe,03/07/2023,-184,327384,Gasto,2023,7,60000,
ES9520958464240367704871,ocio,cafe,04/07/2023,-176,3273664,Gasto,2023,7,60000,
ES9520958464240367704871,gastos_recurrentes,internet,05/07/2023,-51,3268564,Gasto,2023,7,60000,
ES9520958464240367704871,ocio,comida_fuera,05/07/2023,-2297,3266267,Gasto,2023,7,60000,
ES9520958464240367704871,extras,ropa,05/07/2023,-12595,3253672,Gasto,2023,7,60000,
ES9520958464240367704871,supermercado,compra_semanal,06/07/2023,-12993,3240679,Gasto,2023,7,60000,
ES9520958464240367704871,ocio,cine,06/07/2023,-2358,3238321,Gasto,2023,7,60000,
ES9520958464240367704871,ocio,actividades_familiares,06/07/2023,-4678,3233643,Gasto,2023,7,60000,
ES9520958464240367704871,gastos_recurrentes,movil,10/07/2023,-505,3228593,Gasto,2023,7,60000,
ES9520958464240367704871,transporte,gasolina,10/07/2023,-7387,3221206,Gasto,2023,7,60000,
ES9520958464240367704871,gastos_recurrentes,luz,15/07/2023,-7372,3213834,Gasto,2023,7,60000,
ES9520958464240367704871,extras,ropa,20/07/2023,-5107,3208727,Gasto,2023,7,60000,
ES9520958464240367704871,ingreso,nomina,01/08/2023,288139,3496866,Ingreso,2023,8,60000,
ES9520958464240367704871,gastos_recurrentes,alquiler,01/08/2023,-100405,3396461,Gasto,2023,8,60000,
ES9520958464240367704871,transporte,transporte_publico,01/08/2023,-60,3390461,Gasto,2023,8,60000,
ES9520958464240367704871,extras,gastos_hijos,01/08/2023,-49001,334146,Gasto,2023,8,60000,
ES9520958464240367704871,ocio,cafe,01/08/2023,-211,3341249,Gasto,2023,8,60000,
ES9520958464240367704871,ocio,gimnasio,01/08/2023,-50,3336249,Gasto,2023,8,60000,
ES9520958464240367704871,ocio,cafe,02/08/2023,-177,3336072,Gasto,2023,8,60000,
ES9520958464240367704871,ocio,cafe,03/08/2023,-171,3335901,Gasto,2023,8,60000,
ES9520958464240367704871,ocio,cafe,04/08/2023,-186,3335715,Gasto,2023,8,60000,
ES9520958464240367704871,gastos_recurrentes,internet,05/08/2023,-51,3330615,Gasto,2023,8,60000,
ES9520958464240367704871,ocio,comida_fuera,05/08/2023,-2553,3328062,Gasto,2023,8,60000,
ES9520958464240367704871,extras,ropa,05/08/2023,-5411,3322651,Gasto,2023,8,60000,
ES9520958464240367704871,supermercado,compra_semanal,06/08/2023,-14586,3308065,Gasto,2023,8,60000,
ES9520958464240367704871,ocio,comida_fuera,06/08/2023,-223,3305835,Gasto,2023,8,60000,
ES9520958464240367704871,ocio,cine,06/08/2023,-2079,3303756,Gasto,2023,8,60000,
ES9520958464240367704871,gastos_recurrentes,movil,10/08/2023,-505,3298706,Gasto,2023,8,60000,
ES9520958464240367704871,transporte,gasolina,10/08/2023,-11832,3286874,Gasto,2023,8,60000,
ES9520958464240367704871,gastos_recurrentes,luz,15/08/2023,-10608,3276266,Gasto,2023,8,60000,
ES9520958464240367704871,transporte,gasolina,20/08/2023,-9373,3266893,Gasto,2023,8,60000,
ES9520958464240367704871,extras,ropa,20/08/2023,-7503,325939,Gasto,2023,8,60000,
ES9520958464240367704871,ingreso,nomina,01/09/2023,288139,3547529,Ingreso,2023,9,60000,
ES9520958464240367704871,gastos_recurrentes,alquiler,01/09/2023,-100405,3447124,Gasto,2023,9,60000,
ES9520958464240367704871,transporte,transporte_publico,01/09/2023,-60,3441124,Gasto,2023,9,60000,
ES9520958464240367704871,extras,gastos_hijos,01/09/2023,-34283,3406841,Gasto,2023,9,60000,
ES9520958464240367704871,transporte,gasolina,01/09/2023,-7252,3399589,Gasto,2023,9,60000,
ES9520958464240367704871,ocio,cafe,01/09/2023,-208,3399381,Gasto,2023,9,60000,
ES9520958464240367704871,ocio,cafe,03/09/2023,-165,3399216,Gasto,2023,9,60000,
ES9520958464240367704871,ocio,cafe,04/09/2023,-179,3399037,Gasto,2023,9,60000,
ES9520958464240367704871,gastos_recurrentes,internet,05/09/2023,-51,3393937,Gasto,2023,9,60000,
ES9520958464240367704871,ocio,comida_fuera,05/09/2023,-176,3392177,Gasto,2023,9,60000,
ES9520958464240367704871,extras,ropa,05/09/2023,-7382,3384795,Gasto,2023,9,60000,
ES9520958464240367704871,extras,actividades_extraescolares,05/09/2023,-12398,3372397,Gasto,2023,9,60000,
ES9520958464240367704871,supermercado,compra_semanal,06/09/2023,-13256,3359141,Gasto,2023,9,60000,
ES9520958464240367704871,ocio,comida_fuera,06/09/2023,-1813,3357328,Gasto,2023,9,60000,
ES9520958464240367704871,ocio,actividades_familiares,06/09/2023,-4557,3352771,Gasto,2023,9,60000,
ES9520958464240367704871,gastos_recurrentes,movil,10/09/2023,-505,3347721,Gasto,2023,9,60000,
ES9520958464240367704871,transporte,gasolina,10/09/2023,-10711,333701,Gasto,2023,9,60000,
ES9520958464240367704871,gastos_recurrentes,luz,15/09/2023,-6416,3330594,Gasto,2023,9,60000,
ES9520958464240367704871,transporte,gasolina,20/09/2023,-6878,3323716,Gasto,2023,9,60000,
ES9520958464240367704871,ingreso,nomina,01/10/2023,288139,3611855,Ingreso,2023,10,60000,
ES9520958464240367704871,gastos_recurrentes,alquiler,01/10/2023,-100405,351145,Gasto,2023,10,60000,
ES9520958464240367704871,extras,gastos_hijos,01/10/2023,-30756,3480694,Gasto,2023,10,60000,
ES9520958464240367704871,ocio,cafe,01/10/2023,-213,3480481,Gasto,2023,10,60000,
ES9520958464240367704871,ocio,gimnasio,01/10/2023,-50,3475481,Gasto,2023,10,60000,
ES9520958464240367704871,ocio,cafe,03/10/2023,-204,3475277,Gasto,2023,10,60000,
ES9520958464240367704871,gastos_recurrentes,internet,05/10/2023,-51,3470177,Gasto,2023,10,60000,
ES9520958464240367704871,extras,ropa,05/10/2023,-8326,3461851,Gasto,2023,10,60000,
ES9520958464240367704871,supermercado,compra_semanal,06/10/2023,-9855,3451996,Gasto,2023,10,60000,
ES9520958464240367704871,ocio,cine,06/10/2023,-2192,3449804,Gasto,2023,10,60000,
ES9520958464240367704871,ocio,actividades_familiares,06/10/2023,-3386,3446418,Gasto,2023,10,60000,
ES9520958464240367704871,gastos_recurrentes,movil,10/10/2023,-505,3441368,Gasto,2023,10,60000,
ES9520958464240367704871,transporte,gasolina,10/10/2023,-604,3435328,Gasto,2023,10,60000,
ES9520958464240367704871,gastos_recurrentes,luz,15/10/2023,-9361,3425967,Gasto,2023,10,60000,
ES9520958464240367704871,transporte,gasolina,20/10/2023,-8286,3417681,Gasto,2023,10,60000,
ES9520958464240367704871,extras,ropa,20/10/2023,-12145,3405536,Gasto,2023,10,60000,
ES9520958464240367704871,ingreso,nomina,01/11/2023,288139,3693675,Ingreso,2023,11,60000,
ES9520958464240367704871,gastos_recurrentes,alquiler,01/11/2023,-100405,359327,Gasto,2023,11,60000,
ES9520958464240367704871,transporte,transporte_publico,01/11/2023,-60,358727,Gasto,2023,11,60000,
ES9520958464240367704871,extras,gastos_hijos,01/11/2023,-44695,3542575,Gasto,2023,11,60000,
ES9520958464240367704871,transporte,gasolina,01/11/2023,-10946,3531629,Gasto,2023,11,60000,
ES9520958464240367704871,ocio,gimnasio,01/11/2023,-50,3526629,Gasto,2023,11,60000,
ES9520958464240367704871,ocio,cafe,04/11/2023,-203,3526426,Gasto,2023,11,60000,
ES9520958464240367704871,gastos_recurrentes,internet,05/11/2023,-51,3521326,Gasto,2023,11,60000,
ES9520958464240367704871,ocio,comida_fuera,05/11/2023,-1518,3519808,Gasto,2023,11,60000,
ES9520958464240367704871,extras,ropa,05/11/2023,-7087,3512721,Gasto,2023,11,60000,
ES9520958464240367704871,supermercado,compra_semanal,06/11/2023,-10867,3501854,Gasto,2023,11,60000,
ES9520958464240367704871,ocio,comida_fuera,06/11/2023,-2557,3499297,Gasto,2023,11,60000,
ES9520958464240367704871,ocio,cine,06/11/2023,-2011,3497286,Gasto,2023,11,60000,
ES9520958464240367704871,ocio,actividades_familiares,06/11/2023,-3066,349422,Gasto,2023,11,60000,
ES9520958464240367704871,gastos_recurrentes,movil,10/11/2023,-505,348917,Gasto,2023,11,60000,
ES9520958464240367704871,gastos_recurrentes,luz,15/11/2023,-8918,3480252,Gasto,2023,11,60000,
ES9520958464240367704871,transporte,gasolina,20/11/2023,-9814,3470438,Gasto,2023,11,60000,
ES9520958464240367704871,extras,ropa,20/11/2023,-10927,3459511,Gasto,2023,11,60000,
ES9520958464240367704871,ingreso,nomina,01/12/2023,288139,374765,Ingreso,2023,12,60000,
ES9520958464240367704871,ingreso,paga_extra,01/12/2023,288139,4035789,Ingreso,2023,12,60000,
ES9520958464240367704871,gastos_recurrentes,alquiler,01/12/2023,-100405,3935384,Gasto,2023,12,60000,
ES9520958464240367704871,transporte,transporte_publico,01/12/2023,-60,3929384,Gasto,2023,12,60000,
ES9520958464240367704871,extras,gastos_hijos,01/12/2023,-48964,388042,Gasto,2023,12,60000,
ES9520958464240367704871,transporte,gasolina,01/12/2023,-10525,3869895,Gasto,2023,12,60000,
ES9520958464240367704871,ocio,gimnasio,01/12/2023,-50,3864895,Gasto,2023,12,60000,
ES9520958464240367704871,ocio,cafe,02/12/2023,-213,3864682,Gasto,2023,12,60000,
ES9520958464240367704871,ocio,cafe,03/12/2023,-177,3864505,Gasto,2023,12,60000,
ES9520958464240367704871,ocio,cafe,04/12/2023,-197,3864308,Gasto,2023,12,60000,
ES9520958464240367704871,gastos_recurrentes,internet,05/12/2023,-51,3859208,Gasto,2023,12,60000,
ES9520958464240367704871,extras,ropa,05/12/2023,-10525,3848683,Gasto,2023,12,60000,
ES9520958464240367704871,supermercado,compra_semanal,06/12/2023,-9742,3838941,Gasto,2023,12,60000,
ES9520958464240367704871,ocio,comida_fuera,06/12/2023,-2963,3835978,Gasto,2023,12,60000,
ES9520958464240367704871,ocio,cine,06/12/2023,-2083,3833895,Gasto,2023,12,60000,
ES9520958464240367704871,ocio,actividades_familiares,06/12/2023,-2584,3831311,Gasto,2023,12,60000,
ES9520958464240367704871,ocio,actividades_familiares,07/12/2023,-3372,3827939,Gasto,2023,12,60000,
ES9520958464240367704871,gastos_recurrentes,movil,10/12/2023,-505,3822889,Gasto,2023,12,60000,
ES9520958464240367704871,transporte,gasolina,10/12/2023,-8653,3814236,Gasto,2023,12,60000,
ES9520958464240367704871,gastos_recurrentes,luz,15/12/2023,-6527,3807709,Gasto,2023,12,60000,
ES9520958464240367704871,transporte,gasolina,20/12/2023,-9812,3797897,Gasto,2023,12,60000,
ES9520958464240367704871,extras,ropa,20/12/2023,-9269,3788628,Gasto,2023,12,60000,
ES9520958464240367704871,ingreso,nomina,01/01/2024,288139,4076767,Ingreso,2024,1,60000,
ES9520958464240367704871,gastos_recurrentes,alquiler,01/01/2024,-100405,3976362,Gasto,2024,1,60000,
ES9520958464240367704871,transporte,transporte_publico,01/01/2024,-60,3970362,Gasto,2024,1,60000,
ES9520958464240367704871,extras,gastos_hijos,01/01/2024,-43308,3927054,Gasto,2024,1,60000,
ES9520958464240367704871,transporte,gasolina,01/01/2024,-6637,3920417,Gasto,2024,1,60000,
ES9520958464240367704871,gastos_recurrentes,seguro_casa,01/01/2024,-24194,3896223,Gasto,2024,1,60000,
ES9520958464240367704871,ocio,cafe,01/01/2024,-164,3896059,Gasto,2024,1,60000,
ES9520958464240367704871,ocio,gimnasio,01/01/2024,-50,3891059,Gasto,2024,1,60000,
ES9520958464240367704871,ocio,cafe,03/01/2024,-211,3890848,Gasto,2024,1,60000,
ES9520958464240367704871,ocio,cafe,04/01/2024,-202,3890646,Gasto,2024,1,60000,
ES9520958464240367704871,gastos_recurrentes,internet,05/01/2024,-51,3885546,Gasto,2024,1,60000,
ES9520958464240367704871,extras,ropa,05/01/2024,-9136,387641,Gasto,2024,1,60000,
ES9520958464240367704871,extras,actividades_extraescolares,05/01/2024,-7195,3869215,Gasto,2024,1,60000,
ES9520958464240367704871,supermercado,compra_semanal,06/01/2024,-11716,3857499,Gasto,2024,1,60000,
ES9520958464240367704871,ocio,actividades_familiares,06/01/2024,-3058,3854441,Gasto,2024,1,60000,
ES9520958464240367704871,ocio,actividades_familiares,07/01/2024,-3742,3850699,Gasto,2024,1,60000,
ES9520958464240367704871,gastos_recurrentes,movil,10/01/2024,-505,3845649,Gasto,2024,1,60000,
ES9520958464240367704871,transporte,gasolina,10/01/2024,-6758,3838891,Gasto,2024,1,60000,
ES9520958464240367704871,gastos_recurrentes,luz,15/01/2024,-7642,3831249,Gasto,2024,1,60000,
ES9520958464240367704871,transporte,gasolina,20/01/2024,-735,3823899,Gasto,2024,1,60000,
ES9520958464240367704871,ingreso,nomina,01/02/2024,288139,4112038,Ingreso,2024,2,60000,
ES9520958464240367704871,gastos_recurrentes,alquiler,01/02/2024,-100405,4011633,Gasto,2024,2,60000,
ES9520958464240367704871,extras,gastos_hijos,01/02/2024,-40495,3971138,Gasto,2024,2,60000,
ES9520958464240367704871,transporte,gasolina,01/02/2024,-737,3963768,Gasto,2024,2,60000,
ES9520958464240367704871,ocio,cafe,01/02/2024,-233,3963535,Gasto,2024,2,60000,
ES9520958464240367704871,ocio,gimnasio,01/02/2024,-50,3958535,Gasto,2024,2,60000,
ES9520958464240367704871,ocio,cafe,02/02/2024,-178,3958357,Gasto,2024,2,60000,
ES9520958464240367704871,ocio,cafe,03/02/2024,-205,3958152,Gasto,2024,2,60000,
ES9520958464240367704871,gastos_recurrentes,internet,05/02/2024,-51,3953052,Gasto,2024,2,60000,
ES9520958464240367704871,ocio,comida_fuera,05/02/2024,-211,3950942,Gasto,2024,2,60000,
ES9520958464240367704871,supermercado,compra_semanal,06/02/2024,-10451,3940491,Gasto,2024,2,60000,
ES9520958464240367704871,ocio,comida_fuera,06/02/2024,-1912,3938579,Gasto,2024,2,60000,
ES9520958464240367704871,ocio,actividades_familiares,06/02/2024,-3972,3934607,Gasto,2024,2,60000,
ES9520958464240367704871,ocio,actividades_familiares,07/02/2024,-2566,3932041,Gasto,2024,2,60000,
ES9520958464240367704871,gastos_recurrentes,movil,10/02/2024,-505,3926991,Gasto,2024,2,60000,
ES9520958464240367704871,transporte,gasolina,10/02/2024,-824,3918751,Gasto,2024,2,60000,
ES9520958464240367704871,gastos_recurrentes,luz,15/02/2024,-8869,3909882,Gasto,2024,2,60000,
ES9520958464240367704871,transporte,gasolina,20/02/2024,-6823,3903059,Gasto,2024,2,60000,
ES9520958464240367704871,extras,ropa,20/02/2024,-8927,3894132,Gasto,2024,2,60000,
ES9520958464240367704871,ingreso,nomina,01/03/2024,288139,4182271,Ingreso,2024,3,60000,
ES9520958464240367704871,gastos_recurrentes,alquiler,01/03/2024,-100405,4081866,Gasto,2024,3,60000,
ES9520958464240367704871,transporte,transporte_publico,01/03/2024,-60,4075866,Gasto,2024,3,60000,
ES9520958464240367704871,extras,gastos_hijos,01/03/2024,-43946,403192,Gasto,2024,3,60000,
ES9520958464240367704871,transporte,gasolina,01/03/2024,-9734,4022186,Gasto,2024,3,60000,
ES9520958464240367704871,ocio,cafe,01/03/2024,-201,4021985,Gasto,2024,3,60000,
ES9520958464240367704871,ocio,cafe,03/03/2024,-197,4021788,Gasto,2024,3,60000,
ES9520958464240367704871,ocio,cafe,04/03/2024,-2,4021588,Gasto,2024,3,60000,
ES9520958464240367704871,gastos_recurrentes,internet,05/03/2024,-51,4016488,Gasto,2024,3,60000,
ES9520958464240367704871,ocio,comida_fuera,05/03/2024,-2831,4013657,Gasto,2024,3,60000,
ES9520958464240367704871,supermercado,compra_semanal,06/03/2024,-10861,4002796,Gasto,2024,3,60000,
ES9520958464240367704871,ocio,cine,06/03/2024,-1758,4001038,Gasto,2024,3,60000,
ES9520958464240367704871,gastos_recurrentes,movil,10/03/2024,-505,3995988,Gasto,2024,3,60000,
ES9520958464240367704871,transporte,gasolina,10/03/2024,-9724,3986264,Gasto,2024,3,60000,
ES9520958464240367704871,gastos_recurrentes,luz,15/03/2024,-9103,3977161,Gasto,2024,3,60000,
ES9520958464240367704871,transporte,gasolina,20/03/2024,-10938,3966223,Gasto,2024,3,60000,
ES9520958464240367704871,ingreso,nomina,01/04/2024,288139,4254362,Ingreso,2024,4,60000,
ES9520958464240367704871,gastos_recurrentes,alquiler,01/04/2024,-100405,4153957,Gasto,2024,4,60000,
ES9520958464240367704871,transporte,transporte_publico,01/04/2024,-60,4147957,Gasto,2024,4,60000,
ES9520958464240367704871,extras,gastos_hijos,01/04/2024,-35115,4112842,Gasto,2024,4,60000,
ES9520958464240367704871,ocio,cafe,01/04/2024,-198,4112644,Gasto,2024,4,60000,
ES9520958464240367704871,ocio,gimnasio,01/04/2024,-50,4107644,Gasto,2024,4,60000,
ES9520958464240367704871,ocio,cafe,03/04/2024,-233,4107411,Gasto,2024,4,60000,
ES9520958464240367704871,ocio,cafe,04/04/2024,-233,4107178,Gasto,2024,4,60000,
ES9520958464240367704871,gastos_recurrentes,internet,05/04/2024,-51,4102078,Gasto,2024,4,60000,
ES9520958464240367704871,extras,ropa,05/04/2024,-6364,4095714,Gasto,2024,4,60000,
ES9520958464240367704871,extras,actividades_extraescolares,05/04/2024,-10888,4084826,Gasto,2024,4,60000,
ES9520958464240367704871,supermercado,compra_semanal,06/04/2024,-8329,4076497,Gasto,2024,4,60000,
ES9520958464240367704871,ocio,comida_fuera,06/04/2024,-2601,4073896,Gasto,2024,4,60000,
ES9520958464240367704871,ocio,cine,06/04/2024,-2151,4071745,Gasto,2024,4,60000,
ES9520958464240367704871,ocio,actividades_familiares,06/04/2024,-2698,4069047,Gasto,2024,4,60000,
ES9520958464240367704871,gastos_recurrentes,movil,10/04/2024,-505,4063997,Gasto,2024,4,60000,
ES9520958464240367704871,transporte,gasolina,10/04/2024,-1082,4053177,Gasto,2024,4,60000,
ES9520958464240367704871,gastos_recurrentes,luz,15/04/2024,-8663,4044514,Gasto,2024,4,60000,
ES9520958464240367704871,transporte,gasolina,20/04/2024,-9175,4035339,Gasto,2024,4,60000,
ES9520958464240367704871,extras,ropa,20/04/2024,-8568,4026771,Gasto,2024,4,60000,
ES9520958464240367704871,ingreso,nomina,01/05/2024,288139,431491,Ingreso,2024,5,60000,
ES9520958464240367704871,gastos_recurrentes,alquiler,01/05/2024,-100405,4214505,Gasto,2024,5,60000,
ES9520958464240367704871,transporte,transporte_publico,01/05/2024,-60,4208505,Gasto,2024,5,60000,
ES9520958464240367704871,extras,gastos_hijos,01/05/2024,-4037,4168135,Gasto,2024,5,60000,
ES9520958464240367704871,transporte,gasolina,01/05/2024,-7874,4160261,Gasto,2024,5,60000,
ES9520958464240367704871,ocio,cafe,01/05/2024,-213,4160048,Gasto,2024,5,60000,
ES9520958464240367704871,ocio,cafe,02/05/2024,-209,4159839,Gasto,2024,5,60000,
ES9520958464240367704871,gastos_recurrentes,internet,05/05/2024,-51,4154739,Gasto,2024,5,60000,
ES9520958464240367704871,gastos_recurrentes,ibi,05/05/2024,-57908,4096831,Gasto,2024,5,60000,
ES9520958464240367704871,extras,ropa,05/05/2024,-6802,4090029,Gasto,2024,5,60000,
ES9520958464240367704871,supermercado,compra_semanal,06/05/2024,-12963,4077066,Gasto,2024,5,60000,
ES9520958464240367704871,ocio,comida_fuera,06/05/2024,-2648,4074418,Gasto,2024,5,60000,
ES9520958464240367704871,ocio,cine,06/05/2024,-2142,4072276,Gasto,2024,5,60000,
ES9520958464240367704871,ocio,actividades_familiares,06/05/2024,-3696,406858,Gasto,2024,5,60000,
ES9520958464240367704871,gastos_recurrentes,movil,10/05/2024,-505,406353,Gasto,2024,5,60000,
ES9520958464240367704871,transporte,gasolina,10/05/2024,-8322,4055208,Gasto,2024,5,60000,
ES9520958464240367704871,gastos_recurrentes,luz,15/05/2024,-7374,4047834,Gasto,2024,5,60000,
ES9520958464240367704871,transporte,gasolina,20/05/2024,-7241,4040593,Gasto,2024,5,60000,
ES9520958464240367704871,ingreso,nomina,01/06/2024,288139,4328732,Ingreso,2024,6,60000,
ES9520958464240367704871,ingreso,paga_extra,01/06/2024,288139,4616871,Ingreso,2024,6,60000,
ES9520958464240367704871,gastos_recurrentes,alquiler,01/06/2024,-100405,4516466,Gasto,2024,6,60000,
ES9520958464240367704871,transporte,transporte_publico,01/06/2024,-60,4510466,Gasto,2024,6,60000,
ES9520958464240367704871,extras,gastos_hijos,01/06/2024,-25489,4484977,Gasto,2024,6,60000,
ES9520958464240367704871,ocio,cafe,01/06/2024,-209,4484768,Gasto,2024,6,60000,
ES9520958464240367704871,ocio,cafe,02/06/2024,-198,448457,Gasto,2024,6,60000,
ES9520958464240367704871,ocio,cafe,03/06/2024,-228,4484342,Gasto,2024,6,60000,
ES9520958464240367704871,ocio,cafe,04/06/2024,-2,4484142,Gasto,2024,6,60000,
ES9520958464240367704871,gastos_recurrentes,internet,05/06/2024,-51,4479042,Gasto,2024,6,60000,
ES9520958464240367704871,extras,ropa,05/06/2024,-12402,446664,Gasto,2024,6,60000,
ES9520958464240367704871,extras,actividades_extraescolares,05/06/2024,-15299,4451341,Gasto,2024,6,60000,
ES9520958464240367704871,supermercado,compra_semanal,06/06/2024,-12073,4439268,Gasto,2024,6,60000,
ES9520958464240367704871,ocio,comida_fuera,06/06/2024,-2382,4436886,Gasto,2024,6,60000,
ES9520958464240367704871,ocio,actividades_familiares,06/06/2024,-2323,4434563,Gasto,2024,6,60000,
ES9520958464240367704871,ocio,actividades_familiares,07/06/2024,-3875,4430688,Gasto,2024,6,60000,
ES9520958464240367704871,gastos_recurrentes,movil,10/06/2024,-505,4425638,Gasto,2024,6,60000,
ES9520958464240367704871,transporte,gasolina,10/06/2024,-10193,4415445,Gasto,2024,6,60000,
ES9520958464240367704871,gastos_recurrentes,luz,15/06/2024,-6727,4408718,Gasto,2024,6,60000,
ES9520958464240367704871,transporte,gasolina,20/06/2024,-7429,4401289,Gasto,2024,6,60000,
ES9520958464240367704871,extras,ropa,20/06/2024,-1177,4389519,Gasto,2024,6,60000,
ES9520958464240367704871,ingreso,nomina,01/07/2024,288139,4677658,Ingreso,2024,7,60000,
ES9520958464240367704871,gastos_recurrentes,alquiler,01/07/2024,-100405,4577253,Gasto,2024,7,60000,
ES9520958464240367704871,transporte,transporte_publico,01/07/2024,-60,4571253,Gasto,2024,7,60000,
ES9520958464240367704871,extras,gastos_hijos,01/07/2024,-41533,452972,Gasto,2024,7,60000,
ES9520958464240367704871,transporte,gasolina,01/07/2024,-1109,451863,Gasto,2024,7,60000,
ES9520958464240367704871,ocio,gimnasio,01/07/2024,-50,451363,Gasto,2024,7,60000,
ES9520958464240367704871,ocio,cafe,02/07/2024,-168,4513462,Gasto,2024,7,60000,
ES9520958464240367704871,ocio,cafe,03/07/2024,-205,4513257,Gasto,2024,7,60000,
ES9520958464240367704871,ocio,cafe,04/07/2024,-211,4513046,Gasto,2024,7,60000,
ES9520958464240367704871,gastos_recurrentes,internet,05/07/2024,-51,4507946,Gasto,2024,7,60000,
ES9520958464240367704871,extras,ropa,05/07/2024,-14302,4493644,Gasto,2024,7,60000,
ES9520958464240367704871,extras,actividades_extraescolares,05/07/2024,-12156,4481488,Gasto,2024,7,60000,
ES9520958464240367704871,supermercado,compra_semanal,06/07/2024,-9589,4471899,Gasto,2024,7,60000,
ES9520958464240367704871,ocio,cine,06/07/2024,-216,4469739,Gasto,2024,7,60000,
ES9520958464240367704871,gastos_recurrentes,movil,10/07/2024,-505,4464689,Gasto,2024,7,60000,
ES9520958464240367704871,transporte,gasolina,10/07/2024,-10994,4453695,Gasto,2024,7,60000,
ES9520958464240367704871,gastos_recurrentes,luz,15/07/2024,-9332,4444363,Gasto,2024,7,60000,
ES9520958464240367704871,transporte,gasolina,20/07/2024,-8138,4436225,Gasto,2024,7,60000,
ES9520958464240367704871,extras,ropa,20/07/2024,-12272,4423953,Gasto,2024,7,60000,
ES9520958464240367704871,ingreso,nomina,01/08/2024,288139,4712092,Ingreso,2024,8,60000,
ES9520958464240367704871,gastos_recurrentes,alquiler,01/08/2024,-100405,4611687,Gasto,2024,8,60000,
ES9520958464240367704871,transporte,transporte_publico,01/08/2024,-60,4605687,Gasto,2024,8,60000,
ES9520958464240367704871,extras,gastos_hijos,01/08/2024,-48497,455719,Gasto,2024,8,60000,
ES9520958464240367704871,ocio,cafe,01/08/2024,-174,4557016,Gasto,2024,8,60000,
ES9520958464240367704871,ocio,gimnasio,01/08/2024,-50,4552016,Gasto,2024,8,60000,
ES9520958464240367704871,ocio,cafe,03/08/2024,-219,4551797,Gasto,2024,8,60000,
ES9520958464240367704871,ocio,cafe,04/08/2024,-17,4551627,Gasto,2024,8,60000,
ES9520958464240367704871,gastos_recurrentes,internet,05/08/2024,-51,4546527,Gasto,2024,8,60000,
ES9520958464240367704871,ocio,comida_fuera,05/08/2024,-2648,4543879,Gasto,2024,8,60000,
ES9520958464240367704871,extras,ropa,05/08/2024,-7826,4536053,Gasto,2024,8,60000,
ES9520958464240367704871,extras,actividades_extraescolares,05/08/2024,-10271,4525782,Gasto,2024,8,60000,
ES9520958464240367704871,supermercado,compra_semanal,06/08/2024,-13784,4511998,Gasto,2024,8,60000,
ES9520958464240367704871,ocio,actividades_familiares,07/08/2024,-2598,45094,Gasto,2024,8,60000,
ES9520958464240367704871,gastos_recurrentes,movil,10/08/2024,-505,450435,Gasto,2024,8,60000,
ES9520958464240367704871,transporte,gasolina,10/08/2024,-10026,4494324,Gasto,2024,8,60000,
ES9520958464240367704871,gastos_recurrentes,luz,15/08/2024,-6807,4487517,Gasto,2024,8,60000,
ES9520958464240367704871,transporte,gasolina,20/08/2024,-10665,4476852,Gasto,2024,8,60000,
ES9520958464240367704871,extras,ropa,20/08/2024,-5646,4471206,Gasto,2024,8,60000,
ES9520958464240367704871,ingreso,nomina,01/09/2024,288139,4759345,Ingreso,2024,9,60000,
ES9520958464240367704871,gastos_recurrentes,alquiler,01/09/2024,-100405,465894,Gasto,2024,9,60000,
ES9520958464240367704871,extras,gastos_hijos,01/09/2024,-47551,4611389,Gasto,2024,9,60000,
ES9520958464240367704871,ocio,gimnasio,01/09/2024,-50,4606389,Gasto,2024,9,60000,
ES9520958464240367704871,ocio,cafe,03/09/2024,-236,4606153,Gasto,2024,9,60000,
ES9520958464240367704871,ocio,cafe,04/09/2024,-186,4605967,Gasto,2024,9,60000,
ES9520958464240367704871,gastos_recurrentes,internet,05/09/2024,-51,4600867,Gasto,2024,9,60000,
ES9520958464240367704871,ocio,comida_fuera,05/09/2024,-218,4598687,Gasto,2024,9,60000,
ES9520958464240367704871,extras,actividades_extraescolares,05/09/2024,-8386,4590301,Gasto,2024,9,60000,
ES9520958464240367704871,supermercado,compra_semanal,06/09/2024,-11298,4579003,Gasto,2024,9,60000,
ES9520958464240367704871,ocio,cine,06/09/2024,-2018,4576985,Gasto,2024,9,60000,
ES9520958464240367704871,ocio,actividades_familiares,06/09/2024,-2775,457421,Gasto,2024,9,60000,
ES9520958464240367704871,ocio,actividades_familiares,07/09/2024,-3418,4570792,Gasto,2024,9,60000,
ES9520958464240367704871,gastos_recurrentes,movil,10/09/2024,-505,4565742,Gasto,2024,9,60000,
ES9520958464240367704871,transporte,gasolina,10/09/2024,-10625,4555117,Gasto,2024,9,60000,
ES9520958464240367704871,gastos_recurrentes,luz,15/09/2024,-9923,4545194,Gasto,2024,9,60000,
ES9520958464240367704871,extras,ropa,20/09/2024,-11287,4533907,Gasto,2024,9,60000,
ES9520958464240367704871,ingreso,nomina,01/10/2024,288139,4822046,Ingreso,2024,10,60000,
ES9520958464240367704871,gastos_recurrentes,alquiler,01/10/2024,-100405,4721641,Gasto,2024,10,60000,
ES9520958464240367704871,transporte,transporte_publico,01/10/2024,-60,4715641,Gasto,2024,10,60000,
ES9520958464240367704871,extras,gastos_hijos,01/10/2024,-49231,466641,Gasto,2024,10,60000,
ES9520958464240367704871,transporte,gasolina,01/10/2024,-8757,4657653,Gasto,2024,10,60000,
ES9520958464240367704871,ocio,cafe,01/10/2024,-213,465744,Gasto,2024,10,60000,
ES9520958464240367704871,ocio,cafe,02/10/2024,-214,4657226,Gasto,2024,10,60000,
ES9520958464240367704871,gastos_recurrentes,internet,05/10/2024,-51,4652126,Gasto,2024,10,60000,
ES9520958464240367704871,ocio,comida_fuera,05/10/2024,-1817,4650309,Gasto,2024,10,60000,
ES9520958464240367704871,extras,ropa,05/10/2024,-9844,4640465,Gasto,2024,10,60000,
ES9520958464240367704871,extras,actividades_extraescolares,05/10/2024,-8344,4632121,Gasto,2024,10,60000,
ES9520958464240367704871,supermercado,compra_semanal,06/10/2024,-14003,4618118,Gasto,2024,10,60000,
ES9520958464240367704871,ocio,comida_fuera,06/10/2024,-2219,4615899,Gasto,2024,10,60000,
ES9520958464240367704871,ocio,cine,06/10/2024,-2164,4613735,Gasto,2024,10,60000,
ES9520958464240367704871,ocio,actividades_familiares,07/10/2024,-3168,4610567,Gasto,2024,10,60000,
ES9520958464240367704871,gastos_recurrentes,movil,10/10/2024,-505,4605517,Gasto,2024,10,60000,
ES9520958464240367704871,gastos_recurrentes,luz,15/10/2024,-7141,4598376,Gasto,2024,10,60000,
ES9520958464240367704871,transporte,gasolina,20/10/2024,-10127,4588249,Gasto,2024,10,60000,
ES9520958464240367704871,extras,ropa,20/10/2024,-14731,4573518,Gasto,2024,10,60000,
ES9520958464240367704871,Previsin,Previsin,01/11/2023,53975,4627493,Ingreso,2023,11,60000,
ES9520958464240367704871,vacaciones,vacaciones_verano,01/12/2023,-84521,4776089,Ingreso,2023,12,60000,
ES9520958464240367704871,Previsin,Previsin,01/01/2024,35271,481136,Ingreso,2024,1,60000,
ES9520958464240367704871,Previsin,Previsin,01/02/2024,70233,4881593,Ingreso,2024,2,60000,
ES9520958464240367704871,Previsin,Previsin,01/03/2024,72091,4953684,Ingreso,2024,3,60000,
ES9520958464240367704871,Previsin,Previsin,01/04/2024,60548,5014232,Ingreso,2024,4,60000,
ES9520958464240367704871,Previsin,Previsin,01/05/2024,13822,5028054,Ingreso,2024,5,60000,
ES9520958464240367704871,Previsin,Previsin,01/06/2024,348926,537698,Ingreso,2024,6,60000,
ES9520958464240367704871,vacaciones,vacaciones_verano,01/07/2024,-84521,5292459,Gasto,2024,7,60000,
ES9520958464240367704871,Previsin,Previsin,01/08/2024,47253,5339712,Ingreso,2024,8,60000,
ES9520958464240367704871,Previsin,Previsin,01/09/2024,62701,5402413,Ingreso,2024,9,60000,
ES9520958464240367704871,Previsin,Previsin,01/10/2024,39611,5442024,Ingreso,2024,10,60000,
ES9520958464240367704871,Previsin,Previsin,01/11/2024,460,5488024,Ingreso,2024,11,60000,
ES9520958464240367704871,Previsin,Previsin,01/12/2024,1081,5596124,Ingreso,2024,12,60000,
ES9520958464240367704871,Previsin,Previsin,01/01/2025,350,5631124,Ingreso,2025,1,60000,
ES9520958464240367704871,Previsin,Previsin,01/02/2025,638,5694924,Ingreso,2025,2,60000,
ES9520958464240367704871,Previsin,Previsin,01/03/2025,644,5759324,Ingreso,2025,3,60000,
ES9520958464240367704871,Previsin,Previsin,01/04/2025,641,5823424,Ingreso,2025,4,60000,
ES9520958464240367704871,Previsin,Previsin,01/05/2025,151,5838524,Ingreso,2025,5,60000,
ES9520958464240367704871,Previsin,Previsin,01/06/2025,3712,6209724,Ingreso,2025,6,60000,
ES9520958464240367704871,Previsin,Previsin,01/07/2025,684,6278124,Ingreso,2025,7,60000,
ES9520958464240367704871,Previsin,Previsin,01/08/2025,384,6316524,Ingreso,2025,8,60000,
ES9520958464240367704871,Previsin,Previsin,01/09/2025,1080,6424524,Ingreso,2025,9,60000,
